Date,TotalCases,TotalDeaths,GlobalDeathRate
2020-01-23,98,1,1.0200
2020-01-24,286,8,2.8000
2020-01-25,492,16,3.2500
2020-01-26,685,14,2.0400
2020-01-27,809,26,3.2100
2020-01-28,2651,49,1.8500
2020-01-29,589,2,0.3400
2020-01-30,2068,38,1.8400
2020-01-31,1692,42,2.4800
2020-02-01,2111,46,2.1800
2020-02-02,4749,103,2.1700
2020-02-03,3100,64,2.0600
2020-02-04,4011,66,1.6500
2020-02-05,3745,72,1.9200
2020-02-06,3160,70,2.2200
2020-02-07,3532,85,2.4100
2020-02-08,2734,87,3.1800
2020-02-09,3027,100,3.3000
2020-02-10,2538,107,4.2200
2020-02-11,2042,100,4.9000
2020-02-12,378,5,1.3200
2020-02-13,15153,253,1.6700
2020-02-14,6484,152,2.3400
2020-02-15,2076,143,6.8900
2020-02-16,2113,104,4.9200
2020-02-17,1936,98,5.0600
2020-02-18,1794,140,7.8000
2020-02-19,421,115,27.3200
2020-02-20,547,123,22.4900
2020-02-21,629,4,0.6400
2020-02-22,1761,207,11.7500
2020-02-23,323,10,3.1000
2020-02-24,564,160,28.3700
2020-02-25,853,80,9.3800
2020-02-26,963,60,6.2300
2020-02-27,1360,43,3.1600
2020-02-28,1386,57,4.1100
2020-02-29,1891,69,3.6500
2020-03-01,2381,54,2.2700
2020-03-02,1983,89,4.4900
2020-03-03,2593,75,2.8900
2020-03-04,2308,95,4.1200
2020-03-05,2811,94,3.3400
2020-03-06,3913,111,2.8400
2020-03-07,4095,104,2.5400
2020-03-08,3949,239,6.0500
2020-03-09,4172,190,4.5500
2020-03-10,4822,274,5.6800
2020-03-11,7661,343,4.4800
2020-03-12,5790,306,5.2800
2020-03-13,14384,496,3.4500
2020-03-14,11074,420,3.7900
2020-03-15,11269,636,5.6400
2020-03-16,14808,683,4.6100
2020-03-17,15943,813,5.1000
2020-03-18,19559,906,4.6300
2020-03-19,27049,1111,4.1100
2020-03-20,30775,1486,4.8300
2020-03-21,31991,1721,5.3800
2020-03-22,34855,1686,4.8400
2020-03-23,42835,1949,4.5500
2020-03-24,41179,2288,5.5600
2020-03-25,51001,2810,5.5100
2020-03-26,62877,3035,4.8300
2020-03-27,65041,3488,5.3600
2020-03-28,67278,3730,5.5400
2020-03-29,59237,3519,5.9400
2020-03-30,65294,4081,6.2500
2020-03-31,76845,4748,6.1800
2020-04-01,82801,5995,7.2400
2020-04-02,83060,5887,7.0900
2020-04-03,83559,6161,7.3700
2020-04-04,58363,5914,10.1300
2020-04-05,72592,5188,7.1500
2020-04-06,73155,5938,8.1200
2020-04-07,69831,8258,11.8300
2020-04-08,83378,6811,8.1700
2020-04-09,87014,7784,8.9500
2020-04-10,85534,7378,8.6300
2020-04-11,74283,6172,8.3100
2020-04-12,119696,5859,4.8900
2020-04-13,70742,5966,8.4300
2020-04-14,84011,6968,8.2900
2020-04-15,77114,8473,10.9900
2020-04-16,95531,7259,7.6000
2020-04-17,87997,8393,9.5400
2020-04-18,77240,6145,7.9600
2020-04-19,76605,5233,6.8300
2020-04-20,76018,5871,7.7200
2020-04-21,75749,7273,9.6000
2020-04-22,81247,6864,8.4500
2020-04-23,84249,6828,8.1000
2020-04-24,84096,6770,8.0500
2020-04-25,82259,5628,6.8400
2020-04-26,71588,3979,5.5600
2020-04-27,70192,4746,6.7600
2020-04-28,75540,6578,8.7100
2020-04-29,77110,6725,8.7200
2020-04-30,83495,5841,7.0000
2020-05-01,88376,5151,5.8300
2020-05-02,79200,5495,6.9400
2020-05-03,76373,3511,4.6000
2020-05-04,77689,4212,5.4200
2020-05-05,80502,5823,7.2300
2020-05-06,90028,6505,7.2300
2020-05-07,88706,5310,5.9900
2020-05-08,90279,5552,6.1500
2020-05-09,85223,4225,4.9600
2020-05-10,74976,3559,4.7500
2020-05-11,76631,3486,4.5500
2020-05-12,84491,5485,6.4900
2020-05-13,84980,5132,6.0400
2020-05-14,96231,5169,5.3700
2020-05-15,95732,5221,5.4500
2020-05-16,94439,4176,4.4200
2020-05-17,78022,3187,4.0800
2020-05-18,89167,3763,4.2200
2020-05-19,96775,4647,4.8000
2020-05-20,101878,4779,4.6900
2020-05-21,106644,4659,4.3700
2020-05-22,106422,5244,4.9300
2020-05-23,104804,3926,3.7500
2020-05-24,94211,3016,3.2000
2020-05-25,86717,1212,1.4000
2020-05-26,93967,4242,4.5100
2020-05-27,102762,5055,4.9200
2020-05-28,119283,4552,3.8200
2020-05-29,120903,4608,3.8100
2020-05-30,136515,4024,2.9500
2020-05-31,106408,2692,2.5300
2020-06-01,95995,3073,3.2000
2020-06-02,121964,4677,3.8300
2020-06-03,114249,5432,4.7500
2020-06-04,130944,5034,3.8400
2020-06-05,131223,4578,3.4900
2020-06-06,133737,3769,2.8200
2020-06-07,112363,2740,2.4400
2020-06-08,102497,3702,3.6100
2020-06-09,125060,4774,3.8200
2020-06-10,135105,5043,3.7300
2020-06-11,138020,4640,3.3600
2020-06-12,128765,4209,3.2700
2020-06-13,135289,4116,3.0400
2020-06-14,132284,3400,2.5700
2020-06-15,119658,3416,2.8500
2020-06-16,142084,6710,4.7200
2020-06-17,143746,5147,3.5800
2020-06-18,141063,4910,3.4800
2020-06-19,179915,6066,3.3700
2020-06-20,157448,4109,2.6100
2020-06-21,127702,4014,3.1400
2020-06-22,139361,3562,2.5600
2020-06-23,166809,5217,3.1300
2020-06-24,172594,5175,3.0000
2020-06-25,178381,4692,2.6300
2020-06-26,191597,4748,2.4800
2020-06-27,178132,4463,2.5100
2020-06-28,163871,3166,1.9300
2020-06-29,155347,3678,2.3700
2020-06-30,174542,4885,2.8000
2020-07-01,217607,4945,2.2700
2020-07-02,209945,5075,2.4200
2020-07-03,201385,4927,2.4500
2020-07-04,193809,4404,2.2700
2020-07-05,184003,3489,1.9000
2020-07-06,163975,3845,2.3400
2020-07-07,211362,5967,2.8200
2020-07-08,214159,5275,2.4600
2020-07-09,226827,5407,2.3800
2020-07-10,232674,5299,2.2800
2020-07-11,216482,4818,2.2300
2020-07-12,192274,3987,2.0700
2020-07-13,191444,3911,2.0400
2020-07-14,222188,5597,2.5200
2020-07-15,231468,5446,2.3500
2020-07-16,251312,5772,2.3000
2020-07-17,242742,6668,2.7500
2020-07-18,236178,5597,2.3700
2020-07-19,213434,4081,1.9100
2020-07-20,207116,4210,2.0300
2020-07-21,233681,6169,2.6400
2020-07-22,279868,6947,2.4800
2020-07-23,282854,9888,3.5000
2020-07-24,281074,6030,2.1500
2020-07-25,254054,5569,2.1900
2020-07-26,213036,3713,1.7400
2020-07-27,226530,5183,2.2900
2020-07-28,252785,6265,2.4800
2020-07-29,291728,6607,2.2600
2020-07-30,280100,6050,2.1600
2020-07-31,290744,6186,2.1300
2020-08-01,248338,5455,2.2000
2020-08-02,230992,4326,1.8700
2020-08-03,206475,4686,2.2700
2020-08-04,257942,6530,2.5300
2020-08-05,276575,7051,2.5500
2020-08-06,285202,6491,2.2800
2020-08-07,282239,6288,2.2300
2020-08-08,258518,5414,2.0900
2020-08-09,224683,4572,2.0300
2020-08-10,226029,5353,2.3700
2020-08-11,257570,6199,2.4100
2020-08-12,276647,6568,2.3700
2020-08-13,289216,6214,2.1500
2020-08-14,303748,10138,3.3400
2020-08-15,247708,5356,2.1600
2020-08-16,214470,4264,1.9900
2020-08-17,207732,4180,2.0100
2020-08-18,258256,6807,2.6400
2020-08-19,279590,6727,2.4100
2020-08-20,272554,6072,2.2300
2020-08-21,261205,5438,2.0800
2020-08-22,264251,5498,2.0800
2020-08-23,206149,3954,1.9200
2020-08-24,225268,4506,2.0000
2020-08-25,244001,6286,2.5800
2020-08-26,283793,6226,2.1900
2020-08-27,283895,5894,2.0800
2020-08-28,283627,5529,1.9500
2020-08-29,263793,5321,2.0200
2020-08-30,220965,4044,1.8300
2020-08-31,262891,4177,1.5900
2020-09-01,264925,6401,2.4200
2020-09-02,283504,6109,2.1500
2020-09-03,281419,5684,2.0200
2020-09-04,314016,5869,1.8700
2020-09-05,269991,4940,1.8300
2020-09-06,230465,3845,1.6700
2020-09-07,217882,9373,4.3000
2020-09-08,242199,4914,2.0300
2020-09-09,284822,6105,2.1400
2020-09-10,299876,5804,1.9400
2020-09-11,321370,5851,1.8200
2020-09-12,286578,4881,1.7000
2020-09-13,242719,3715,1.5300
2020-09-14,263752,4440,1.6800
2020-09-15,285462,6426,2.2500
2020-09-16,304535,5780,1.9000
2020-09-17,314886,5468,1.7400
2020-09-18,325921,5668,1.7400
2020-09-19,292119,5279,1.8100
2020-09-20,252114,3739,1.4800
2020-09-21,276086,4102,1.4900
2020-09-22,284514,5972,2.1000
2020-09-23,276092,5610,2.0300
2020-09-24,353037,6654,1.8800
2020-09-25,330870,5903,1.7800
2020-09-26,288442,5345,1.8500
2020-09-27,251391,3687,1.4700
2020-09-28,254780,3975,1.5600
2020-09-29,282668,5902,2.0900
2020-09-30,326210,6464,1.9800
2020-10-01,318303,8715,2.7400
2020-10-02,297866,4936,1.6600
2020-10-03,332044,5363,1.6200
2020-10-04,261397,3839,1.4700
2020-10-05,301023,6947,2.3100
2020-10-06,326519,5776,1.7700
2020-10-07,350997,5836,1.6600
2020-10-08,361327,6278,1.7400
2020-10-09,360897,6150,1.7000
2020-10-10,357101,4882,1.3700
2020-10-11,286912,4033,1.4100
2020-10-12,291766,3983,1.3700
2020-10-13,319259,5286,1.6600
2020-10-14,382334,6073,1.5900
2020-10-15,406984,6115,1.5000
2020-10-16,411771,6185,1.5000
2020-10-17,372657,5597,1.5000
2020-10-18,316563,3542,1.1200
2020-10-19,387210,4836,1.2500
2020-10-20,389002,6553,1.6800
2020-10-21,444890,6630,1.4900
2020-10-22,472719,5936,1.2600
2020-10-23,496798,6971,1.4000
2020-10-24,456784,5817,1.2700
2020-10-25,360653,4211,1.1700
2020-10-26,486411,5517,1.1300
2020-10-27,470233,7372,1.5700
2020-10-28,511872,7160,1.4000
2020-10-29,550415,7086,1.2900
2020-10-30,571055,7599,1.3300
2020-10-31,476765,6578,1.3800
2020-11-01,462384,5010,1.0800
2020-11-02,563127,6103,1.0800
2020-11-03,553745,9345,1.6900
2020-11-04,511552,10251,2.0000
2020-11-05,596558,8013,1.3400
2020-11-06,644854,9661,1.5000
2020-11-07,596892,7600,1.2700
2020-11-08,483974,5874,1.2100
2020-11-09,501532,7223,1.4400
2020-11-10,559377,9993,1.7900
2020-11-11,648606,10451,1.6100
2020-11-12,649543,9766,1.5000
2020-11-13,652073,9588,1.4700
2020-11-14,594970,9082,1.5300
2020-11-15,473941,6424,1.3600
2020-11-16,534457,7954,1.4900
2020-11-17,611220,11071,1.8100
2020-11-18,627103,11413,1.8200
2020-11-19,653585,11032,1.6900
2020-11-20,668744,11887,1.7800
2020-11-21,587564,8972,1.5300
2020-11-22,487981,7194,1.4700
2020-11-23,525319,8526,1.6200
2020-11-24,590261,12660,2.1400
2020-11-25,636224,12131,1.9100
2020-11-26,582475,10888,1.8700
2020-11-27,687148,11387,1.6600
2020-11-28,586031,9282,1.5800
2020-11-29,488583,7160,1.4700
2020-11-30,508641,8880,1.7500
2020-12-01,612097,12684,2.0700
2020-12-02,651398,12586,1.9300
2020-12-03,694328,12572,1.8100
2020-12-04,683276,12520,1.8300
2020-12-05,642163,10288,1.6000
2020-12-06,538754,7428,1.3800
2020-12-07,520019,8713,1.6800
2020-12-08,643528,12278,1.9100
2020-12-09,669911,12719,1.9000
2020-12-10,674988,12476,1.8500
2020-12-11,704497,13027,1.8500
2020-12-12,634850,10542,1.6600
2020-12-13,530838,7457,1.4000
2020-12-14,525387,9170,1.7500
2020-12-15,636206,13951,2.1900
2020-12-16,733726,13659,1.8600
2020-12-17,739582,13448,1.8200
2020-12-18,720462,12787,1.7700
2020-12-19,611253,10769,1.7600
2020-12-20,533473,7914,1.4800
2020-12-21,549297,9643,1.7600
2020-12-22,650261,14313,2.2000
2020-12-23,695122,13806,1.9900
2020-12-24,666640,11629,1.7400
2020-12-25,465550,8599,1.8500
2020-12-26,512602,7398,1.4400
2020-12-27,438453,7399,1.6900
2020-12-28,496323,9755,1.9700
2020-12-29,664428,15164,2.2800
2020-12-30,761230,15260,2.0000
2020-12-31,725009,13169,1.8200
2021-01-01,533018,9662,1.8100
2021-01-02,626359,8432,1.3500
2021-01-03,532796,7341,1.3800
2021-01-04,554118,10147,1.8300
2021-01-05,740122,15334,2.0700
2021-01-06,783372,15052,1.9200
2021-01-07,880837,14937,1.7000
2021-01-08,803222,15165,1.8900
2021-01-09,760994,12784,1.6800
2021-01-10,589134,8347,1.4200
2021-01-11,619930,10323,1.6700
2021-01-12,705508,17103,2.4200
2021-01-13,748388,16704,2.2300
2021-01-14,755228,15369,2.0400
2021-01-15,767187,15110,1.9700
2021-01-16,639144,13248,2.0700
2021-01-17,529212,8662,1.6400
2021-01-18,515066,9426,1.8300
2021-01-19,608426,16582,2.7300
2021-01-20,692937,17906,2.5800
2021-01-21,656323,16788,2.5600
2021-01-22,659061,16019,2.4300
2021-01-23,568124,13294,2.3400
2021-01-24,445654,8968,2.0100
2021-01-25,497340,10764,2.1600
2021-01-26,556238,17307,3.1100
2021-01-27,598361,16679,2.7900
2021-01-28,614251,17049,2.7800
2021-01-29,590443,14946,2.5300
2021-01-30,515330,13586,2.6400
2021-01-31,381639,7987,2.0900
2021-02-01,446774,10218,2.2900
2021-02-02,457957,14835,3.2400
2021-02-03,521981,15727,3.0100
2021-02-04,466907,12533,2.6800
2021-02-05,535428,16571,3.0900
2021-02-06,372125,10137,2.7200
2021-02-07,398078,7985,2.0100
2021-02-08,315893,8332,2.6400
2021-02-09,428033,15536,3.6300
2021-02-10,435741,13403,3.0800
2021-02-11,441465,13473,3.0500
2021-02-12,428689,12473,2.9100
2021-02-13,373301,9805,2.6300
2021-02-14,293850,6362,2.1700
2021-02-15,283166,6893,2.4300
2021-02-16,351020,10916,3.1100
2021-02-17,395555,11338,2.8700
2021-02-18,403516,11370,2.8200
2021-02-19,412519,11048,2.6800
2021-02-20,370455,8512,2.3000
2021-02-21,314446,5878,1.8700
2021-02-22,288438,6949,2.4100
2021-02-23,388853,11180,2.8800
2021-02-24,444936,12002,2.7000
2021-02-25,447478,10165,2.2700
2021-02-26,443039,10250,2.3100
2021-02-27,389230,8140,2.0900
2021-02-28,303509,5434,1.7900
2021-03-01,305864,7206,2.3600
2021-03-02,310288,10434,3.3600
2021-03-03,441142,11073,2.5100
2021-03-04,453049,9778,2.1600
2021-03-05,447054,10017,2.2400
2021-03-06,410533,7832,1.9100
2021-03-07,368312,5274,1.4300
2021-03-08,298723,6860,2.3000
2021-03-09,414665,9981,2.4100
2021-03-10,467079,9689,2.0700
2021-03-11,476896,9765,2.0500
2021-03-12,489328,9627,1.9700
2021-03-13,454116,7984,1.7600
2021-03-14,360385,5498,1.5300
2021-03-15,348901,6820,1.9500
2021-03-16,473013,9888,2.0900
2021-03-17,539285,10122,1.8800
2021-03-18,553723,10572,1.9100
2021-03-19,561679,10397,1.8500
2021-03-20,498820,8044,1.6100
2021-03-21,423315,5800,1.3700
2021-03-22,416821,7495,1.8000
2021-03-23,514245,11105,2.1600
2021-03-24,633581,9721,1.5300
2021-03-25,651350,11338,1.7400
2021-03-26,641351,12218,1.9100
2021-03-27,584592,9836,1.6800
2021-03-28,469958,6479,1.3800
2021-03-29,458405,7959,1.7400
2021-03-30,568273,11568,2.0400
2021-03-31,683205,12274,1.8000
2021-04-01,711787,11872,1.6700
2021-04-02,633739,10256,1.6200
2021-04-03,529443,8394,1.5900
2021-04-04,552803,6925,1.2500
2021-04-05,489584,7468,1.5300
2021-04-06,604087,11820,1.9600
2021-04-07,684346,14841,2.1700
2021-04-08,839850,14643,1.7400
2021-04-09,748045,13413,1.7900
2021-04-10,664507,12411,1.8700
2021-04-11,690741,8563,1.2400
2021-04-12,616625,9302,1.5100
2021-04-13,779567,13336,1.7100
2021-04-14,817025,13535,1.6600
2021-04-15,816761,13206,1.6200
2021-04-16,854855,12831,1.5000
2021-04-17,788042,12011,1.5200
2021-04-18,685495,8608,1.2600
2021-04-19,693422,10490,1.5100
2021-04-20,854425,14189,1.6600
2021-04-21,889975,14102,1.5800
2021-04-22,899755,13730,1.5300
2021-04-23,897839,14189,1.5800
2021-04-24,821237,13316,1.6200
2021-04-25,727967,9780,1.3400
2021-04-26,682784,11156,1.6300
2021-04-27,844470,14487,1.7200
2021-04-28,905992,15719,1.7400
2021-04-29,897602,14990,1.6700
2021-04-30,879014,14573,1.6600
